Workbook

Sheet Cover
A1: Template for Reproductions and Robustness Analyses
A4: Contents of this template
A5: Tab | B5: Information
A6: Step 1: General Information | B6: Replicator, date, article information
A7: Step 2: Reproduction Package | B7: State of the (provided) do-file and data
A8: Step 3: Computational Rep. | B8: Errors, necessary adjustments, differences between code and method section, conclusion (i.e., code rating and whether to proceed)
A9: Step 4: Paper Assessment | B9: Hypotheses, data (e.g., dataset, operationalization of key variables), conclusion (i.e., article rating and whether to proceed)
A10: Step 5: Revised Reproduction | B10: Errors, necessary adjustments, differences between code and method section, conclusion (i.e., code rating and whether to proceed)
A11: Step 6: Robustness Reproduction | B11: Reasonable revisions (e.g., operationalization, outlier management)
A13: Notes | B13: Comments and other information that does not fit into other categories
A14: Table - Outcomes | B14: Automatically extracts information from "(4) Paper Assessment" to generate a Table for the replication report containing detailed information for each main outcome
A17: Based on:
A18: Robustness Reproducibility in Economics (R2E) - Reproducibility Assessment Protocol - [Jörg Ankel-Peters, Julian Rose, Florian Neubauer]

Sheet (1) General Information
A1: General Information
A4: Dimension | B4: Entry
A5: Replicator's Name
A7: Publication Details of the Original Paper
A8: - Title
A9: - Authors
A10: - Corresponding Author
A11: - Email corresp. Author
A12: - Year
A13: - Journal
A14: - DOI

Sheet (2) Reproduction Package 
A1: Information on Reproduction Package
A3: General
A4: Dimension | B4: Entry | C4: Comments
A5: Source of replication package [e.g., journals website, authors website, on demand] | B5: journal's website | C5: https://dataverse.harvard.edu/dataset.xhtml?persistentId=doi:10.7910/DVN/5OPIYU
A6: Readme file available [0 = no, 1 = yes] | B6: 1
A9: Data
A10: Dimension | B10: Entry | C10: Comments
A11: All raw data available [0 = no, 1 = yes]
A12: Source of data documented [0 = no, 1 = yes]
A14: Code
A15: Dimension | B15: Entry | C15: Comments
A16: Clear order of code files [0 = no, 1 = yes]
A17: Master code file available [0 = no, 1 = yes]
A18: Cleaning code available [0 = no, 1 = yes]
A19: Analysis code available [0 = no, 1 = yes]
A20: Other [open]
A22: Description Replication Package | B22: Note: Please provide details on each dataset in the replication package (e.g., what type of data, what is the purpose)
A23: Datasets | B23: Entry | C23: Comment
A169: Code | B169: Note: Please provide details on each code file (e.g., cleaning, adding labels, variable creation,…)
A170: Code files | B170: Entry | C170: Comment
A171: StataCode/programs/TvsC_tables.do | B171: commands to assess treatment vs control and save results
A172: StataCode/programs/TvsC_tables_ML.do | B172: RA1 version: commands to assess treatment vs control and save results
A173: StataCode/programs/tvsc_wpm.do | B173: RA2 version: commands to assess treatment vs control and save results
A174: StataCode/00_MasterFile.do | B174: the master file that comes from Romero et al. (2019).
A175: StataCode/00_MasterFile_EL.do | B175: is the master file for the endline tables (i.e., Year 3). Note that this selects the appropriate folder, and calls TvsC_tables.do which is key to create the tables in the paper
A176: StataCode/01_PrepAdminData.do | B176: uses EMIS data that has PII information, and was given to us by MOE. It’s not public data, therefore we cannot share the underlying datafiles used here.
A177: StataCode/02_ReadTreatmentFile.do | B177: simply creates the operator file
A178: StataCode/02_ReadTreatmentFile_EL.do | B178: simply creates the operator file for the endline
A179: StataCode/02b_AnonimizeData.do | B179: annonimizes the raw inputs files, and place them in the sharable data foled (without any PII)
A180: StataCode/02b_AnonimizeData _EL.do | B180: annonimizes the raw inputs files, and place them in the sharable data foled (without any PII) for endline
A181: StataCode/03_BalanceEMIS_n_ExtValidity.do | B181: creates external validity tables, plus summary statistics.
A182: StataCode/03b_Balance_ExtValidity _EL.do | B182: creates external validity tables, plus summary statistics for endline
... A252: Rcode/15_MapExtra_El.R | B252: makes a map of the program expansion schools in year 2.

Sheet (3) Computational Rep.
A1: Computational Reproduction
A4: Computational Reproduction Execution | B4: Note: Please count all errors and provide additional details for each one in the Computational Reproduction Notes below (e.g., errors affecting reproducibility, manual adjustments).
A5: Dimension | B5: Entry | C5: Comments
A6: Errors occured [0 = no, 1 = yes] | D6: Note: errors unrelated to file paths and missing packages
A7: Reproducible [0=no, 1=yes] | D7: Note: Results are exactly identical to the published results
A8: - Reason if no [1 = results not identical, 2 = code fails to run, 3 = other]
A9: Other [open]
A12: Conclusion
A13: Dimension | B13: Entry
A14: Subjective reproduction package rating [1-5; 1 = very poor, 5 = very good]
A15: Estimated time needed for computational reproduction [in minutes]
A18: Missing packages, .ados, etc. | B18: Entry
A21: Computational Reproduction Notes | B21: Note: Please provide details for errors and manual adjustments during the computational reproduction. Create as many new rows as needed. Number consecutively for simplicity.
A22: Dimension | B22: Entry

Sheet (4) Paper Assessment 
A1: Detailed Paper Summary
A2: Note: Please record all relevant information from the paper. This sheet forms the basis for the revised reproduction and robustness replication
A4: General
A5: Dimension | B5: Entry | C5: Comments
A6: Number of main outcomes [integer]
A9: Key results | B9: Note: Add or delete as many columns as needed (maximum of five)
A10: Dimension | B10: Main outcome 1 | C10: Main outcome 2 | D10: Main outcome 3
A11: Main outcome(s)
A12: - Outcome pre-specified in PAP [0=no, 1=in part, 2=yes, 3=no PAP]
A13: - Construction of outcome pre-specified [0=no, 1=in part, 2=yes, 3=no PAP]
A14: Treatment variable [enter a short name for the relevant treatment]
A15: - Corresponding claim for outcome in abstract [paste text from paper]
A16: - Corresponding claim for outcome in main text [paste text from paper]
A17: Corresponding estimate [effect size]
A18: - Standard error [value]
A19: - Type of standard error [e.g., robust, clustered at XY-level,...]
A20: - p-value [value]
A21: - 95% confidence interval
A22: - Number of observations
... A26: - Location [i.e., table, column, row]

Sheet (5) Revised Reproduction 
A1: Revised Reproduction
A2: Note: This sheet extracts relevant information from the paper assessment to guide the revised reproduction. For each step, check the code carefully for obvious errors)
B4: Note: Please count all errors and provide additional details for each one in the "Coding errors" section below (e.g., errors affecting reproducibility, manual adjustments, etc.).
A5: General | B5: Entry | C5: Comments
A6: Did you discover any coding errors? [0 = no, 1 = yes]
A7: How many coding errors did you find [integer]
B10: Note: For each coding error, describe the error, where you found it (name of code file and the line number), and how you solved it
A11: Coding errors | B11: Description | C11: Location | D11: Solution

Sheet (6) Robustness Reproduction
A1: Robustness Analysis
A3: Notes:
A4: - The information gathered in this tab refers to Table 3 in the Replication Protocol. Table 3 includes examples on how and what kind of information should be entered
A5: - These robustness checks should only concern the main finding (as specified in tab "(4) Paper Assessment", line 11)
A6: - For the column "Main outcome of Table 1", you should refer to the numbered item of the main results as listed in line 10 in the tab "(4) Paper Assessment"
A7: - Column “Analytical decision” captures the part of the analysis the robustness check refers to: e.g., outcome variable, control variables, etc.
A8: - Column “Rational & Challenge” captures the reason for the robustness check and which problems of the original paper it tries to address.
A9: - Column “Choice(s) in Robustness Checks” includes the analytical choices included in the multiverse robustness checks (note that this can be one choice if the original analysis choice is not considered reasonable and only one alternative reasonable choice is included in the robustness checks).
A10: - Column “Choice(s) in Robustness Checks” should also include the original analysis choice if that is considered one of the reasonable analytical choices
A11: Column "Robustness Check Category" classifies if the estimation from from the original main reported value, orginal robustness checks reported in the manuscript, original robustness checks reported in the appendix, original robustness checks estimated in code but not presented, original robustness checks discussed in PAP but not estimated or reported, and novel re-anlyses specifications by replicator.
A12: Column "Location Stated" identifies where the robustness check was expressed by the original authors.
B15: Nr. | C15: Main outcome (1) in Table 1 | D15: Analytical decision | E15: Rationale & Challenge | F15: Robustness Check Category | G15: Location Stated | H15: Choice(s) in Robustness Checks
B16: E.1.1 | C16: Outcome 1 | D16: Sample | F16: Original | H16: Full Sample
B20: Nr. | C20: Main outcome (2) in Table 1 | D20: Analytical decision | E20: Rationale & Challenge | F20: Robustness Check Category | G20: Location Stated | H20: Choice(s) in Robustness Checks
B21: M.1.1 | C21: Outcome 2 | D21: Sample | F21: Original | H21: Full Sample

Sheet Notes
A1: Notes
A2: Note: This sheet provides space for additional notes
A4: Tab | B4: Comment

Sheet Table - Outcomes
A1: Replication Report (Table for outcomes)
A2: Note: This sheet automatically generates a table for the replication report detailing the results of the original paper using sheet "(4) Paper Assessment"
C4: (1) | D4: (2)
C5: ='(4) Paper Assessment '!B11 -> 0 | D5: ='(4) Paper Assessment '!C11 -> 0
B6: Location in original paper | C6: ='(4) Paper Assessment '!B26 -> 0 | D6: ='(4) Paper Assessment '!C26 -> 0
B7: Estimate | C7: ='(4) Paper Assessment '!B17 -> 0 | D7: ='(4) Paper Assessment '!C17 -> 0
B8: Standard Error | C8: ='(4) Paper Assessment '!B18 -> 0 | D8: ='(4) Paper Assessment '!C18 -> 0
B9: Standard Error type | C9: ='(4) Paper Assessment '!B19 -> 0 | D9: ='(4) Paper Assessment '!C19 -> 0
B10: p-value | C10: ='(4) Paper Assessment '!B20 -> 0 | D10: ='(4) Paper Assessment '!C20 -> 0
B11: 95-Confidence Interval | C11: ='(4) Paper Assessment '!B21 -> 0 | D11: ='(4) Paper Assessment '!C21 -> 0
B12: Level of analysis | C12: ='(4) Paper Assessment '!B23 -> 0 | D12: ='(4) Paper Assessment '!C23 -> 0
B13: Type of variable | C13: ='(4) Paper Assessment '!B24 -> 0 | D13: ='(4) Paper Assessment '!C24 -> 0
B14: Units | C14: ='(4) Paper Assessment '!B25 -> 0 | D14: ='(4) Paper Assessment '!C25 -> 0
B15: Number of observations | C15: ='(4) Paper Assessment '!B22 -> 0 | D15: ='(4) Paper Assessment '!C22 -> 0
B16: Outcome pre-specified | C16: ='(4) Paper Assessment '!B12 -> 0 | D16: ='(4) Paper Assessment '!C12 -> 0
B17: Outcome construction pre-specified | C17: ='(4) Paper Assessment '!B13 -> 0 | D17: ='(4) Paper Assessment '!C13 -> 0
